seed,model,model_label,direction,setup,comparison,syntax_layer,heuristic_layer,mar,syntax_m,heuristic_m
42,gemma-3-12b-pt,Gemma-3-12B,source_to_base,SG -> PL,syntax_linear_vs_prox,45,45,0.3070961833000183,1215,178
96,gemma-3-12b-pt,Gemma-3-12B,source_to_base,SG -> PL,syntax_linear_vs_prox,45,45,0.46242693066596985,304,181
1120,gemma-3-12b-pt,Gemma-3-12B,source_to_base,SG -> PL,syntax_linear_vs_prox,45,45,0.4024413228034973,1216,247
42,gemma-3-12b-pt,Gemma-3-12B,source_to_base,SG -> PL,syntax_bow_vs_maj,45,45,0.27257704734802246,1257,165
96,gemma-3-12b-pt,Gemma-3-12B,source_to_base,SG -> PL,syntax_bow_vs_maj,45,45,0.3360205590724945,1292,211
1120,gemma-3-12b-pt,Gemma-3-12B,source_to_base,SG -> PL,syntax_bow_vs_maj,45,45,0.40942010283470154,314,185
42,gemma-3-12b-pt,Gemma-3-12B,base_to_source,PL -> SG,syntax_linear_vs_prox,45,45,0.5930837392807007,228,319
96,gemma-3-12b-pt,Gemma-3-12B,base_to_source,PL -> SG,syntax_linear_vs_prox,45,45,0.5058867931365967,199,420
1120,gemma-3-12b-pt,Gemma-3-12B,base_to_source,PL -> SG,syntax_linear_vs_prox,45,45,0.2835521101951599,197,1276
42,gemma-3-12b-pt,Gemma-3-12B,base_to_source,PL -> SG,syntax_bow_vs_maj,45,45,0.3560641407966614,229,1297
96,gemma-3-12b-pt,Gemma-3-12B,base_to_source,PL -> SG,syntax_bow_vs_maj,45,45,0.5656470060348511,246,354
1120,gemma-3-12b-pt,Gemma-3-12B,base_to_source,PL -> SG,syntax_bow_vs_maj,45,45,0.7493367791175842,370,342
42,qwen-3-8b,Qwen-3-8B,source_to_base,SG -> PL,syntax_linear_vs_prox,20,25,0.16468727588653564,847,235
96,qwen-3-8b,Qwen-3-8B,source_to_base,SG -> PL,syntax_linear_vs_prox,20,25,0.28629082441329956,985,258
1120,qwen-3-8b,Qwen-3-8B,source_to_base,SG -> PL,syntax_linear_vs_prox,20,25,0.32045474648475647,1105,263
42,qwen-3-8b,Qwen-3-8B,source_to_base,SG -> PL,syntax_bow_vs_maj,20,30,0.13890725374221802,895,209
96,qwen-3-8b,Qwen-3-8B,source_to_base,SG -> PL,syntax_bow_vs_maj,20,30,0.5693363547325134,1011,1678
1120,qwen-3-8b,Qwen-3-8B,source_to_base,SG -> PL,syntax_bow_vs_maj,20,30,0.5761016011238098,1014,1675
42,qwen-3-8b,Qwen-3-8B,base_to_source,PL -> SG,syntax_linear_vs_prox,30,20,0.11438246816396713,179,751
96,qwen-3-8b,Qwen-3-8B,base_to_source,PL -> SG,syntax_linear_vs_prox,30,20,0.4080806076526642,350,952
1120,qwen-3-8b,Qwen-3-8B,base_to_source,PL -> SG,syntax_linear_vs_prox,30,20,0.5497500896453857,1122,821
42,qwen-3-8b,Qwen-3-8B,base_to_source,PL -> SG,syntax_bow_vs_maj,30,20,0.16128627955913544,254,819
96,qwen-3-8b,Qwen-3-8B,base_to_source,PL -> SG,syntax_bow_vs_maj,30,20,0.25936993956565857,275,949
1120,qwen-3-8b,Qwen-3-8B,base_to_source,PL -> SG,syntax_bow_vs_maj,30,20,0.5911563634872437,1678,1006
42,olmo-3-7b,Olmo-3-7B,source_to_base,SG -> PL,syntax_linear_vs_prox,25,20,0.5501945614814758,359,341
96,olmo-3-7b,Olmo-3-7B,source_to_base,SG -> PL,syntax_linear_vs_prox,25,20,0.8396317958831787,755,717
1120,olmo-3-7b,Olmo-3-7B,source_to_base,SG -> PL,syntax_linear_vs_prox,25,20,0.7888017296791077,776,664
42,olmo-3-7b,Olmo-3-7B,source_to_base,SG -> PL,syntax_bow_vs_maj,15,25,0.4699350893497467,457,347
96,olmo-3-7b,Olmo-3-7B,source_to_base,SG -> PL,syntax_bow_vs_maj,15,25,0.7796366810798645,842,723
1120,olmo-3-7b,Olmo-3-7B,source_to_base,SG -> PL,syntax_bow_vs_maj,15,25,0.7907607555389404,824,729
42,olmo-3-7b,Olmo-3-7B,base_to_source,PL -> SG,syntax_linear_vs_prox,25,25,0.5479021072387695,366,319
96,olmo-3-7b,Olmo-3-7B,base_to_source,PL -> SG,syntax_linear_vs_prox,25,25,0.8415129780769348,719,754
1120,olmo-3-7b,Olmo-3-7B,base_to_source,PL -> SG,syntax_linear_vs_prox,25,25,0.8463577032089233,703,711
42,olmo-3-7b,Olmo-3-7B,base_to_source,PL -> SG,syntax_bow_vs_maj,25,25,0.5380064249038696,346,370
96,olmo-3-7b,Olmo-3-7B,base_to_source,PL -> SG,syntax_bow_vs_maj,25,25,0.8108495473861694,728,779
1120,olmo-3-7b,Olmo-3-7B,base_to_source,PL -> SG,syntax_bow_vs_maj,25,25,0.8151640892028809,730,776
42,llama-3.1-8b,Llama-3.1-8B,source_to_base,SG -> PL,syntax_linear_vs_prox,25,20,0.37774553894996643,540,212
96,llama-3.1-8b,Llama-3.1-8B,source_to_base,SG -> PL,syntax_linear_vs_prox,25,20,0.5936704277992249,1057,490
1120,llama-3.1-8b,Llama-3.1-8B,source_to_base,SG -> PL,syntax_linear_vs_prox,25,20,0.595096230506897,1030,483
42,llama-3.1-8b,Llama-3.1-8B,source_to_base,SG -> PL,syntax_bow_vs_maj,20,25,0.3848221004009247,614,250
96,llama-3.1-8b,Llama-3.1-8B,source_to_base,SG -> PL,syntax_bow_vs_maj,20,25,0.6406477689743042,1074,588
1120,llama-3.1-8b,Llama-3.1-8B,source_to_base,SG -> PL,syntax_bow_vs_maj,20,25,0.6317911744117737,1062,564
42,llama-3.1-8b,Llama-3.1-8B,base_to_source,PL -> SG,syntax_linear_vs_prox,25,25,0.42167335748672485,238,500
96,llama-3.1-8b,Llama-3.1-8B,base_to_source,PL -> SG,syntax_linear_vs_prox,25,25,0.6639343500137329,564,975
1120,llama-3.1-8b,Llama-3.1-8B,base_to_source,PL -> SG,syntax_linear_vs_prox,25,25,0.6595879793167114,553,964
42,llama-3.1-8b,Llama-3.1-8B,base_to_source,PL -> SG,syntax_bow_vs_maj,25,25,0.4001030921936035,239,557
96,llama-3.1-8b,Llama-3.1-8B,base_to_source,PL -> SG,syntax_bow_vs_maj,25,25,0.6439934372901917,568,1024
1120,llama-3.1-8b,Llama-3.1-8B,base_to_source,PL -> SG,syntax_bow_vs_maj,25,25,0.674724280834198,627,1076
