model,model_label,direction,setup,comparison,syntax_layer,heuristic_layer,n_seeds,seeds,mar_mean,mar_std,mar_seed_42,mar_seed_96,mar_seed_1120,syntax_m_seed_42,syntax_m_seed_96,syntax_m_seed_1120,heuristic_m_seed_42,heuristic_m_seed_96,heuristic_m_seed_1120
gemma-3-12b-pt,Gemma-3-12B,base_to_source,PL -> SG,syntax_linear_vs_prox,45,45,3,"42,96,1120",0.4608408808708191,0.15960672921270988,0.5930837392807007,0.5058867931365967,0.2835521101951599,228,199,197,319,420,1276
gemma-3-12b-pt,Gemma-3-12B,base_to_source,PL -> SG,syntax_bow_vs_maj,45,45,3,"42,96,1120",0.5570159753163656,0.19677833476128012,0.3560641407966614,0.5656470060348511,0.7493367791175842,229,246,370,1297,354,342
gemma-3-12b-pt,Gemma-3-12B,source_to_base,SG -> PL,syntax_linear_vs_prox,45,45,3,"42,96,1120",0.3906548122564952,0.07833327289518938,0.3070961833000183,0.46242693066596985,0.4024413228034973,1215,304,1216,178,181,247
gemma-3-12b-pt,Gemma-3-12B,source_to_base,SG -> PL,syntax_bow_vs_maj,45,45,3,"42,96,1120",0.3393392364184062,0.06848186382705485,0.27257704734802246,0.3360205590724945,0.40942010283470154,1257,1292,314,165,211,185
qwen-3-8b,Qwen-3-8B,base_to_source,PL -> SG,syntax_linear_vs_prox,30,20,3,"42,96,1120",0.357404388487339,0.2220637315057684,0.11438246816396713,0.4080806076526642,0.5497500896453857,179,350,1122,751,952,821
qwen-3-8b,Qwen-3-8B,base_to_source,PL -> SG,syntax_bow_vs_maj,30,20,3,"42,96,1120",0.3372708608706792,0.2252742493478071,0.16128627955913544,0.25936993956565857,0.5911563634872437,254,275,1678,819,949,1006
qwen-3-8b,Qwen-3-8B,source_to_base,SG -> PL,syntax_linear_vs_prox,20,25,3,"42,96,1120",0.2571442822615306,0.0818719543781357,0.16468727588653564,0.28629082441329956,0.32045474648475647,847,985,1105,235,258,263
qwen-3-8b,Qwen-3-8B,source_to_base,SG -> PL,syntax_bow_vs_maj,20,30,3,"42,96,1120",0.4281150698661804,0.25048415682449354,0.13890725374221802,0.5693363547325134,0.5761016011238098,895,1011,1014,209,1678,1675
olmo-3-7b,Olmo-3-7B,base_to_source,PL -> SG,syntax_linear_vs_prox,25,25,3,"42,96,1120",0.7452575961748759,0.17093203210723357,0.5479021072387695,0.8415129780769348,0.8463577032089233,366,719,703,319,754,711
olmo-3-7b,Olmo-3-7B,base_to_source,PL -> SG,syntax_bow_vs_maj,25,25,3,"42,96,1120",0.72134002049764,0.15878620617918024,0.5380064249038696,0.8108495473861694,0.8151640892028809,346,728,730,370,779,776
olmo-3-7b,Olmo-3-7B,source_to_base,SG -> PL,syntax_linear_vs_prox,25,20,3,"42,96,1120",0.7262093623479208,0.15453747603936804,0.5501945614814758,0.8396317958831787,0.7888017296791077,359,755,776,341,717,664
olmo-3-7b,Olmo-3-7B,source_to_base,SG -> PL,syntax_bow_vs_maj,15,25,3,"42,96,1120",0.6801108419895172,0.18210250274615467,0.4699350893497467,0.7796366810798645,0.7907607555389404,457,842,824,347,723,729
llama-3.1-8b,Llama-3.1-8B,base_to_source,PL -> SG,syntax_linear_vs_prox,25,25,3,"42,96,1120",0.581731895605723,0.1386317945247485,0.42167335748672485,0.6639343500137329,0.6595879793167114,238,564,553,500,975,964
llama-3.1-8b,Llama-3.1-8B,base_to_source,PL -> SG,syntax_bow_vs_maj,25,25,3,"42,96,1120",0.5729402701059977,0.15046798243404477,0.4001030921936035,0.6439934372901917,0.674724280834198,239,568,627,557,1024,1076
llama-3.1-8b,Llama-3.1-8B,source_to_base,SG -> PL,syntax_linear_vs_prox,25,20,3,"42,96,1120",0.522170732418696,0.1250779181538464,0.37774553894996643,0.5936704277992249,0.595096230506897,540,1057,1030,212,490,483
llama-3.1-8b,Llama-3.1-8B,source_to_base,SG -> PL,syntax_bow_vs_maj,20,25,3,"42,96,1120",0.5524203479290009,0.14521187708886962,0.3848221004009247,0.6406477689743042,0.6317911744117737,614,1074,1062,250,588,564
