label,model,direction,comparison,syntax_layer,heuristic_layer,d,m_syn,m_heur,empirical_mar,num_samples,null_mean,null_std,z_score,right_tailed_p_value,syntax_result,heuristic_result
gemma-3-12b-pt/base_to_source/syntax_linear_vs_prox/syn_layer_45/heur_layer_45,gemma-3-12b-pt,base_to_source,syntax_linear_vs_prox,45,45,3840,228,319,0.5930837392807007,1000,0.07022400982677937,0.00033836029841617887,1545.27505709553,0.0,gemma-3-12b-pt/obj_rel_across_anim/linear/4_attractor/base_to_source/layer_45/result.json,gemma-3-12b-pt/obj_rel_across_anim_2/linear/4_attractor/base_to_source/layer_45/result.json
gemma-3-12b-pt/base_to_source/syntax_bow_vs_maj/syn_layer_45/heur_layer_45,gemma-3-12b-pt,base_to_source,syntax_bow_vs_maj,45,45,3840,229,1297,0.3560641407966614,1000,0.14193701192736627,0.00028429890691775557,753.1760540016414,0.0,gemma-3-12b-pt/obj_rel_across_anim/bow/4_attractor/base_to_source/layer_45/result.json,gemma-3-12b-pt/obj_rel_across_anim_2/bow/4_attractor/base_to_source/layer_45/result.json
gemma-3-12b-pt/source_to_base/syntax_linear_vs_prox/syn_layer_45/heur_layer_45,gemma-3-12b-pt,source_to_base,syntax_linear_vs_prox,45,45,3840,1215,178,0.3070961833000183,1000,0.12109521513432264,0.00029176687191138825,637.4985855905722,0.0,gemma-3-12b-pt/obj_rel_across_anim/linear/4_attractor/source_to_base/layer_45/result.json,gemma-3-12b-pt/obj_rel_across_anim_2/linear/4_attractor/source_to_base/layer_45/result.json
gemma-3-12b-pt/source_to_base/syntax_bow_vs_maj/syn_layer_45/heur_layer_45,gemma-3-12b-pt,source_to_base,syntax_bow_vs_maj,45,45,3840,1257,165,0.27257704734802246,1000,0.11859350676089525,0.0002971540217396316,518.1943683133075,0.0,gemma-3-12b-pt/obj_rel_across_anim/bow/4_attractor/source_to_base/layer_45/result.json,gemma-3-12b-pt/obj_rel_across_anim_2/bow/4_attractor/source_to_base/layer_45/result.json
llama-3.1-8b/base_to_source/syntax_linear_vs_prox/syn_layer_25/heur_layer_25,llama-3.1-8b,base_to_source,syntax_linear_vs_prox,25,25,4096,238,500,0.42167335748672485,1000,0.08422421805560588,0.0003060376081858472,1102.639448241265,0.0,llama-3.1-8b/obj_rel_across_anim/linear/4_attractor/base_to_source/layer_25/result.json,llama-3.1-8b/obj_rel_across_anim_2/linear/4_attractor/base_to_source/layer_25/result.json
llama-3.1-8b/base_to_source/syntax_bow_vs_maj/syn_layer_25/heur_layer_25,llama-3.1-8b,base_to_source,syntax_bow_vs_maj,25,25,4096,239,557,0.4001030921936035,1000,0.08908081666380167,0.0002947148307370652,1055.332962891459,0.0,llama-3.1-8b/obj_rel_across_anim/bow/4_attractor/base_to_source/layer_25/result.json,llama-3.1-8b/obj_rel_across_anim_2/bow/4_attractor/base_to_source/layer_25/result.json
llama-3.1-8b/source_to_base/syntax_linear_vs_prox/syn_layer_25/heur_layer_20,llama-3.1-8b,source_to_base,syntax_linear_vs_prox,25,20,4096,540,212,0.37774553894996643,1000,0.0826019534021616,0.0003044015901228137,969.5862148050093,0.0,llama-3.1-8b/obj_rel_across_anim/linear/4_attractor/source_to_base/layer_25/result.json,llama-3.1-8b/obj_rel_across_anim_2/linear/4_attractor/source_to_base/layer_20/result.json
llama-3.1-8b/source_to_base/syntax_bow_vs_maj/syn_layer_20/heur_layer_25,llama-3.1-8b,source_to_base,syntax_bow_vs_maj,20,25,4096,614,250,0.3848221004009247,1000,0.09565105267614127,0.000309852431510357,933.2540858731899,0.0,llama-3.1-8b/obj_rel_across_anim/bow/4_attractor/source_to_base/layer_20/result.json,llama-3.1-8b/obj_rel_across_anim_2/bow/4_attractor/source_to_base/layer_25/result.json
olmo-3-7b/base_to_source/syntax_linear_vs_prox/syn_layer_25/heur_layer_25,olmo-3-7b,base_to_source,syntax_linear_vs_prox,25,25,4096,366,319,0.5479021072387695,1000,0.08342649397999048,0.00031682155736874833,1466.0480085898205,0.0,olmo-3-7b/obj_rel_across_anim/linear/4_attractor/base_to_source/layer_25/result.json,olmo-3-7b/obj_rel_across_anim_2/linear/4_attractor/base_to_source/layer_25/result.json
olmo-3-7b/base_to_source/syntax_bow_vs_maj/syn_layer_25/heur_layer_25,olmo-3-7b,base_to_source,syntax_bow_vs_maj,25,25,4096,346,370,0.5380064249038696,1000,0.08735835551470518,0.00033256252657873147,1355.077717340102,0.0,olmo-3-7b/obj_rel_across_anim/bow/4_attractor/base_to_source/layer_25/result.json,olmo-3-7b/obj_rel_across_anim_2/bow/4_attractor/base_to_source/layer_25/result.json
olmo-3-7b/source_to_base/syntax_linear_vs_prox/syn_layer_25/heur_layer_20,olmo-3-7b,source_to_base,syntax_linear_vs_prox,25,20,4096,359,341,0.5501945614814758,1000,0.0854410361945629,0.0003057922515426969,1519.8342107828742,0.0,olmo-3-7b/obj_rel_across_anim/linear/4_attractor/source_to_base/layer_25/result.json,olmo-3-7b/obj_rel_across_anim_2/linear/4_attractor/source_to_base/layer_20/result.json
olmo-3-7b/source_to_base/syntax_bow_vs_maj/syn_layer_15/heur_layer_25,olmo-3-7b,source_to_base,syntax_bow_vs_maj,15,25,4096,457,347,0.4699350893497467,1000,0.09723780438303947,0.00031424965173013953,1185.9910835693124,0.0,olmo-3-7b/obj_rel_across_anim/bow/4_attractor/source_to_base/layer_15/result.json,olmo-3-7b/obj_rel_across_anim_2/bow/4_attractor/source_to_base/layer_25/result.json
qwen-3-8b/base_to_source/syntax_linear_vs_prox/syn_layer_30/heur_layer_20,qwen-3-8b,base_to_source,syntax_linear_vs_prox,30,20,4096,179,751,0.11438246816396713,1000,0.0895007307678461,0.00031130225073831255,79.92790716131749,0.0,qwen-3-8b/obj_rel_across_anim/linear/4_attractor/base_to_source/layer_30/result.json,qwen-3-8b/obj_rel_across_anim_2/linear/4_attractor/base_to_source/layer_20/result.json
qwen-3-8b/base_to_source/syntax_bow_vs_maj/syn_layer_30/heur_layer_20,qwen-3-8b,base_to_source,syntax_bow_vs_maj,30,20,4096,254,819,0.16128627955913544,1000,0.11134166993945838,0.00030540190020666844,163.5373243777431,0.0,qwen-3-8b/obj_rel_across_anim/bow/4_attractor/base_to_source/layer_30/result.json,qwen-3-8b/obj_rel_across_anim_2/bow/4_attractor/base_to_source/layer_20/result.json
qwen-3-8b/source_to_base/syntax_linear_vs_prox/syn_layer_20/heur_layer_25,qwen-3-8b,source_to_base,syntax_linear_vs_prox,20,25,4096,847,235,0.16468727588653564,1000,0.10891607464849949,0.00030037743460277884,185.67040933613526,0.0,qwen-3-8b/obj_rel_across_anim/linear/4_attractor/source_to_base/layer_20/result.json,qwen-3-8b/obj_rel_across_anim_2/linear/4_attractor/source_to_base/layer_25/result.json
qwen-3-8b/source_to_base/syntax_bow_vs_maj/syn_layer_20/heur_layer_30,qwen-3-8b,source_to_base,syntax_bow_vs_maj,20,30,4096,895,209,0.13890725374221802,1000,0.10557667881250382,0.00030347939611022405,109.8281311908519,0.0,qwen-3-8b/obj_rel_across_anim/bow/4_attractor/source_to_base/layer_20/result.json,qwen-3-8b/obj_rel_across_anim_2/bow/4_attractor/source_to_base/layer_30/result.json
