model,seed,position,direction,layer,comparison,mar,m_syn,m_heur,iia_syn,iia_heur
gemma-3-12b-pt,42,last,base_to_source,0,MAR_prox,0.6716,341,388,62.43,88.03
gemma-3-12b-pt,42,last,base_to_source,0,MAR_maj,0.387,249,413,70.53,74.03
gemma-3-12b-pt,42,last,base_to_source,10,MAR_prox,0.2042,287,337,80.57,93.37
gemma-3-12b-pt,42,last,base_to_source,10,MAR_maj,0.2415,294,338,82.5,91.67
gemma-3-12b-pt,42,last,base_to_source,20,MAR_prox,0.2253,249,270,83.77,96.0
gemma-3-12b-pt,42,last,base_to_source,20,MAR_maj,0.3251,292,319,81.0,93.23
gemma-3-12b-pt,42,last,base_to_source,30,MAR_prox,0.4622,517,235,82.53,97.7
gemma-3-12b-pt,42,last,base_to_source,30,MAR_maj,0.3691,244,313,88.9,97.2
gemma-3-12b-pt,42,last,base_to_source,40,MAR_prox,0.4825,568,262,81.5,96.17
gemma-3-12b-pt,42,last,base_to_source,40,MAR_maj,0.3123,198,313,90.83,94.77
gemma-3-12b-pt,42,last,source_to_base,0,MAR_prox,0.448,422,264,72.27,70.77
gemma-3-12b-pt,42,last,source_to_base,0,MAR_maj,0.7487,379,552,83.0,52.03
gemma-3-12b-pt,42,last,source_to_base,10,MAR_prox,0.2647,295,237,96.33,88.13
gemma-3-12b-pt,42,last,source_to_base,10,MAR_maj,0.1556,275,272,94.0,80.03
gemma-3-12b-pt,42,last,source_to_base,20,MAR_prox,0.3874,367,258,93.8,83.07
gemma-3-12b-pt,42,last,source_to_base,20,MAR_maj,0.5103,343,372,94.4,75.43
gemma-3-12b-pt,42,last,source_to_base,30,MAR_prox,0.2789,322,189,96.57,90.73
gemma-3-12b-pt,42,last,source_to_base,30,MAR_maj,0.2955,346,220,98.23,87.0
gemma-3-12b-pt,42,last,source_to_base,40,MAR_prox,0.2224,225,159,96.83,91.93
gemma-3-12b-pt,42,last,source_to_base,40,MAR_maj,0.4301,247,248,96.57,82.33
qwen-3-8b,42,last,base_to_source,0,MAR_prox,0.9144,852,912,67.97,31.57
qwen-3-8b,42,last,base_to_source,0,MAR_maj,0.9184,854,903,76.2,23.73
qwen-3-8b,42,last,base_to_source,10,MAR_prox,0.1511,291,607,73.8,43.9
qwen-3-8b,42,last,base_to_source,10,MAR_maj,0.3848,914,685,79.53,35.23
qwen-3-8b,42,last,base_to_source,20,MAR_prox,0.2216,350,751,83.07,69.63
qwen-3-8b,42,last,base_to_source,20,MAR_maj,0.3657,961,819,84.3,59.0
qwen-3-8b,42,last,base_to_source,30,MAR_prox,0.1175,179,421,89.4,70.4
qwen-3-8b,42,last,base_to_source,30,MAR_maj,0.1716,254,497,88.07,56.17
qwen-3-8b,42,last,source_to_base,0,MAR_prox,0.9098,919,852,15.33,85.43
qwen-3-8b,42,last,source_to_base,0,MAR_maj,0.9079,926,853,24.23,76.7
qwen-3-8b,42,last,source_to_base,10,MAR_prox,0.2969,810,897,34.67,86.63
qwen-3-8b,42,last,source_to_base,10,MAR_maj,0.306,757,894,40.27,78.7
qwen-3-8b,42,last,source_to_base,20,MAR_prox,0.1822,847,254,65.97,91.37
qwen-3-8b,42,last,source_to_base,20,MAR_maj,0.4214,895,935,60.6,83.33
qwen-3-8b,42,last,source_to_base,30,MAR_prox,0.3954,564,905,59.8,91.83
qwen-3-8b,42,last,source_to_base,30,MAR_maj,0.1726,636,209,55.03,88.83
