model,direction,layers,hypothesis,m,source_count,sources
llama-3.1-8b,base_to_source,25;25,syn,237.5,2,llama-3.1-8b/obj_rel_across_anim/linear/4_attractor/base_to_source/layer_25/result.json;llama-3.1-8b/obj_rel_across_anim/bow/4_attractor/base_to_source/layer_25/result.json
llama-3.1-8b,base_to_source,25,prox,499.0,1,llama-3.1-8b/obj_rel_across_anim_2/linear/4_attractor/base_to_source/layer_25/result.json
llama-3.1-8b,base_to_source,25,maj,556.0,1,llama-3.1-8b/obj_rel_across_anim_2/bow/4_attractor/base_to_source/layer_25/result.json
llama-3.1-8b,source_to_base,25;20,syn,576.0,2,llama-3.1-8b/obj_rel_across_anim/linear/4_attractor/source_to_base/layer_25/result.json;llama-3.1-8b/obj_rel_across_anim/bow/4_attractor/source_to_base/layer_20/result.json
llama-3.1-8b,source_to_base,20,prox,211.0,1,llama-3.1-8b/obj_rel_across_anim_2/linear/4_attractor/source_to_base/layer_20/result.json
llama-3.1-8b,source_to_base,25,maj,249.0,1,llama-3.1-8b/obj_rel_across_anim_2/bow/4_attractor/source_to_base/layer_25/result.json
olmo-3-7b,base_to_source,25;25,syn,355.0,2,olmo-3-7b/obj_rel_across_anim/linear/4_attractor/base_to_source/layer_25/result.json;olmo-3-7b/obj_rel_across_anim/bow/4_attractor/base_to_source/layer_25/result.json
olmo-3-7b,base_to_source,25,prox,318.0,1,olmo-3-7b/obj_rel_across_anim_2/linear/4_attractor/base_to_source/layer_25/result.json
olmo-3-7b,base_to_source,25,maj,369.0,1,olmo-3-7b/obj_rel_across_anim_2/bow/4_attractor/base_to_source/layer_25/result.json
olmo-3-7b,source_to_base,25;15,syn,407.0,2,olmo-3-7b/obj_rel_across_anim/linear/4_attractor/source_to_base/layer_25/result.json;olmo-3-7b/obj_rel_across_anim/bow/4_attractor/source_to_base/layer_15/result.json
olmo-3-7b,source_to_base,20,prox,340.0,1,olmo-3-7b/obj_rel_across_anim_2/linear/4_attractor/source_to_base/layer_20/result.json
olmo-3-7b,source_to_base,25,maj,346.0,1,olmo-3-7b/obj_rel_across_anim_2/bow/4_attractor/source_to_base/layer_25/result.json
